<keymap version="1" name="Windows copy" parent="$default">
  <action id="CollapseAllRegions">
    <keyboard-shortcut first-keystroke="ctrl m" second-keystroke="o" />
    <keyboard-shortcut first-keystroke="ctrl 0" />
  </action>
  <action id="DuplicatesForm.SendToLeft" />
  <action id="EditorScrollToCenter" />
  <action id="ExpandAllRegions">
    <keyboard-shortcut first-keystroke="ctrl m" second-keystroke="l" />
  </action>
  <action id="ExpandAllToLevel1">
    <keyboard-shortcut first-keystroke="ctrl 1" />
  </action>
  <action id="ExpandToLevel1" />
  <action id="FileChooser.GotoHome" />
  <action id="FileChooser.TogglePathShowing" />
  <action id="Generate.Missing.Members.ES6" />
  <action id="Generate.Missing.Members.TypeScript" />
  <action id="GotoBookmark0" />
  <action id="GotoBookmark1" />
  <action id="GotoFile">
    <keyboard-shortcut first-keystroke="ctrl p" />
  </action>
  <action id="GotoSymbol">
    <keyboard-shortcut first-keystroke="shift ctrl o" />
  </action>
  <action id="ImplementMethods" />
  <action id="ParameterInfo" />
  <action id="ReformatCode">
    <keyboard-shortcut first-keystroke="ctrl i" />
  </action>
  <action id="ScrollTreeToCenter" />
  <action id="StepInto">
    <keyboard-shortcut first-keystroke="f11" />
  </action>
  <action id="StepOver">
    <keyboard-shortcut first-keystroke="f10" />
  </action>
  <action id="ToggleBookmark" />
  <action id="Vcs.ShowMessageHistory">
    <keyboard-shortcut first-keystroke="ctrl e" />
  </action>
</keymap>