<application>
  <component name="CodeFoldingSettings">
    <option name="COLLAPSE_METHODS" value="true" />
    <option name="COLLAPSE_DOC_COMMENTS" value="true" />
    <option name="COLLAPSE_CUSTOM_FOLDING_REGIONS" value="true" />
  </component>
  <component name="CodeInsightSettings">
    <option name="HIGHLIGHT_IDENTIFIER_UNDER_CARET" value="false" />
  </component>
  <component name="DefaultFont">
    <option name="FONT_SIZE" value="12" />
    <option name="FONT_FAMILY" value="Verdana" />
  </component>
  <component name="EditorSettings">
    <option name="IS_ENSURE_NEWLINE_AT_EOF" value="true" />
  </component>
  <component name="JavaCodeFoldingSettings">
    <option name="collapseMultilineComments" value="true" />
  </component>
</application>